feat_0,feat_1,feat_2,feat_3,feat_4,feat_5,feat_6,feat_7,feat_8,feat_9,feat_10,feat_11,feat_12,feat_13,feat_14,feat_15,feat_16,feat_17,feat_18,feat_19,feat_20,feat_21,feat_22,feat_23,feat_24,feat_25,feat_26,feat_27,feat_28,feat_29,feat_30,feat_31,feat_32,feat_33,feat_34,feat_35,feat_36,feat_37,feat_38,feat_39,feat_40,feat_41,feat_42,feat_43,feat_44,feat_45,feat_46,feat_47,feat_48,feat_49,feat_50,feat_51,feat_52,feat_53,feat_54,feat_55,feat_56,feat_57,feat_58,feat_59,feat_60,feat_61,feat_62,label,predicted_label,confidence,timestamp
0,0,0,0.1990242898464203,-0.12962858378887177,-0.0692392885684967,0.3385552167892456,-0.42787450551986694,-0.08666280657052994,0.3776988089084625,-0.6973198652267456,-0.10559409111738205,0.4281831383705139,-0.9036920070648193,-0.11141826212406158,0.2290845662355423,-0.6811741590499878,-0.01964060217142105,0.26957249641418457,-0.8722084164619446,-0.12358558923006058,0.26506125926971436,-0.6807467937469482,-0.17226633429527283,0.2513299584388733,-0.5206178426742554,-0.18403282761573792,0.09283022582530975,-0.6607545614242554,-0.024347666651010513,0.12746351957321167,-0.8437945246696472,-0.14717315137386322,0.14812277257442474,-0.590800940990448,-0.18100880086421967,0.15460893511772156,-0.4124245047569275,-0.17334996163845062,-0.038878533989191055,-0.6098224520683289,-0.0477130189538002,0.0021519954316318035,-0.749495804309845,-0.18528889119625092,0.05198083072900772,-0.4853241741657257,-0.1816163808107376,0.07629875838756561,-0.30785834789276123,-0.13952980935573578,-0.17026056349277496,-0.5315675139427185,-0.07481919229030609,-0.11408485472202301,-0.6358484625816345,-0.17537714540958405,-0.05777392536401749,-0.46979209780693054,-0.1751837283372879,-0.026526685804128647,-0.3481028378009796,-0.1480950564146042,A,A,,2026-07-03T18:55:07
0,0,0,0.23451945185661316,-0.16718722879886627,-0.05810001119971275,0.3749343156814575,-0.4453127980232239,-0.06877044588327408,0.41655758023262024,-0.6962606310844421,-0.08576388657093048,0.4362325370311737,-0.8998339176177979,-0.08127757906913757,0.29670554399490356,-0.688437283039093,0.024913765490055084,0.3772047460079193,-0.8276188373565674,-0.07635919749736786,0.34252631664276123,-0.5921213626861572,-0.11178062111139297,0.29336050152778625,-0.5228207111358643,-0.11399075388908386,0.17311273515224457,-0.705877423286438,0.01533588021993637,0.2637392580509186,-0.8190537095069885,-0.09479167312383652,0.23564031720161438,-0.5397263169288635,-0.11128470301628113,0.1877901405096054,-0.5164748430252075,-0.09463327378034592,0.050213661044836044,-0.7016041278839111,-0.014761554077267647,0.13182248175144196,-0.8099201321601868,-0.1423555165529251,0.1137300580739975,-0.5404217839241028,-0.10751110315322876,0.06409486383199692,-0.5009782910346985,-0.04766736924648285,-0.08775406330823898,-0.6877202987670898,-0.047880638390779495,-0.006308277603238821,-0.8188971281051636,-0.11333773285150528,0.01400694064795971,-0.6339288949966431,-0.06502093374729156,-0.017965832725167274,-0.5649842619895935,-0.006979320198297501,A,A,,2026-07-03T19:06:53
0,0,0,0.12134894728660583,-0.026451969519257545,-0.060615986585617065,0.21339789032936096,-0.2021239548921585,-0.07389967143535614,0.16810259222984314,-0.3563990890979767,-0.08144953846931458,0.06265860050916672,-0.3636589050292969,-0.0900002047419548,0.1927030384540558,-0.460080087184906,-0.03079392947256565,0.21632835268974304,-0.6483109593391418,-0.05772658437490463,0.22738216817378998,-0.7792744040489197,-0.08893647789955139,0.23250409960746765,-0.891674816608429,-0.11517170816659927,0.1219874694943428,-0.4928920865058899,-0.032895516604185104,0.1493091732263565,-0.702156662940979,-0.05429762229323387,0.16688820719718933,-0.8557222485542297,-0.08681293576955795,0.17772629857063293,-0.9840799570083618,-0.11147379130125046,0.055051352828741074,-0.47678112983703613,-0.04296301677823067,0.07659509778022766,-0.6712513566017151,-0.06929090619087219,0.09446489065885544,-0.8063080906867981,-0.10198746621608734,0.10383673757314682,-0.9171832203865051,-0.12366902083158493,-0.02054337039589882,-0.42657673358917236,-0.05998443812131882,0.0034563036169856787,-0.5848075151443481,-0.0876225084066391,0.019040992483496666,-0.6902949213981628,-0.1037973091006279,0.028689607977867126,-0.7825620174407959,-0.11451198905706406,B,B,,2026-07-03T19:06:53
0,0,0,0.13735194504261017,0.009788451716303825,-0.06618394702672958,0.33140048384666443,-0.0936301127076149,-0.10706640779972076,0.48975643515586853,-0.11510004848241806,-0.14436005055904388,0.607723593711853,-0.094288170337677,-0.18265430629253387,0.280604749917984,-0.3838876485824585,-0.10511794686317444,0.369907408952713,-0.6099453568458557,-0.16073450446128845,0.4273964762687683,-0.7492853999137878,-0.19446253776550293,0.46434545516967773,-0.885654091835022,-0.22821871936321259,0.1734808087348938,-0.42057928442955017,-0.1164948046207428,0.22221066057682037,-0.5354816913604736,-0.1882723718881607,0.19524207711219788,-0.32867875695228577,-0.19418960809707642,0.18148910999298096,-0.24465255439281464,-0.19441750645637512,0.05399905890226364,-0.4099849760532379,-0.13346070051193237,0.10100509226322174,-0.4971640408039093,-0.21352934837341309,0.0903109461069107,-0.29322224855422974,-0.17482249438762665,0.07668706029653549,-0.22335021197795868,-0.14016377925872803,-0.06808832287788391,-0.3779733180999756,-0.15619103610515594,-0.01897088810801506,-0.44426998496055603,-0.21568171679973602,-0.017185639590024948,-0.3097228705883026,-0.18492577970027924,-0.035908084362745285,-0.2660297155380249,-0.15765032172203064,L,L,,2026-07-03T19:15:07
0,0,0,0.11120107769966125,-0.030772417783737183,-0.07404844462871552,0.20730318129062653,-0.11321119964122772,-0.1302887201309204,0.21506424248218536,-0.16349591314792633,-0.18941116333007812,0.20930863916873932,-0.19887009263038635,-0.24734120070934296,0.21464723348617554,-0.3648894727230072,-0.13724197447299957,0.31919413805007935,-0.6015204787254333,-0.22588573396205902,0.3724006116390228,-0.7422999143600464,-0.26565471291542053,0.41415539383888245,-0.8644818067550659,-0.2860232889652252,0.07779357582330704,-0.4066447913646698,-0.16414006054401398,0.1044561117887497,-0.6677042841911316,-0.28649404644966125,0.12162139266729355,-0.8501776456832886,-0.34344786405563354,0.12481120973825455,-0.9921805262565613,-0.3611573278903961,-0.04604022577404976,-0.3673608601093292,-0.1936197578907013,-0.01193481869995594,-0.35245221853256226,-0.34243419766426086,0.017869414761662483,-0.15961872041225433,-0.3605712950229645,0.033657897263765335,-0.026553139090538025,-0.32861417531967163,-0.15208794176578522,-0.26711615920066833,-0.22630974650382996,-0.12830138206481934,-0.1687472015619278,-0.33792605996131897,-0.08936414867639542,-0.031365588307380676,-0.3388582766056061,-0.06957083940505981,0.060774095356464386,-0.30956313014030457,V,V,,2026-07-03T19:15:07
0,0,0,0.15896642208099365,-0.027504155412316322,-0.062404878437519073,0.31214919686317444,-0.14724816381931305,-0.09465203434228897,0.3700610399246216,-0.3008721172809601,-0.13418948650360107,0.3444656729698181,-0.4642094075679779,-0.16039560735225677,0.3231923580169678,-0.46136274933815,-0.03249650448560715,0.4101022481918335,-0.5930130481719971,-0.12126993387937546,0.3576714098453522,-0.42272695899009705,-0.16036337614059448,0.3047552704811096,-0.30595722794532776,-0.16133646667003632,0.22737286984920502,-0.5043218731880188,-0.0407334566116333,0.30431681871414185,-0.6118447780609131,-0.14632882177829742,0.2610630393028259,-0.40002962946891785,-0.182359516620636,0.22744303941726685,-0.2695806324481964,-0.17494289577007294,0.1247321292757988,-0.529927134513855,-0.06238824129104614,0.18308694660663605,-0.6324729919433594,-0.16312207281589508,0.17270605266094208,-0.4239298701286316,-0.1691277176141739,0.15668067336082458,-0.28600409626960754,-0.1362932026386261,0.015329737216234207,-0.5446656346321106,-0.08846300095319748,0.037606220692396164,-0.7549147605895996,-0.12893913686275482,0.05629169940948486,-0.8733422756195068,-0.1252496987581253,0.07978808879852295,-0.9968118071556091,-0.10665672272443771,I,I,,2026-07-03T19:15:07
0,0,0,0.1592613160610199,-0.21413737535476685,-0.04664436727762222,0.22084613144397736,-0.5357103943824768,-0.063418909907341,0.20505179464817047,-0.7730728983879089,-0.08682763576507568,0.22466911375522614,-0.9744350910186768,-0.09928541630506516,0.06462954729795456,-0.7585777044296265,-0.020974667742848396,0.1021544560790062,-0.9007651805877686,-0.11652389913797379,0.14800012111663818,-0.7086133360862732,-0.162441223859787,0.1691686064004898,-0.5468473434448242,-0.17361891269683838,-0.05902674049139023,-0.7099101543426514,-0.03620849549770355,-0.002512699691578746,-0.8084802031517029,-0.13982538878917694,0.060761380940675735,-0.5712939500808716,-0.16287636756896973,0.08913310617208481,-0.40465202927589417,-0.15550008416175842,-0.17951227724552155,-0.626170814037323,-0.06669231504201889,-0.10313190519809723,-0.6959954500198364,-0.18512393534183502,-0.01811562106013298,-0.45851507782936096,-0.17572364211082458,0.02272753417491913,-0.29158756136894226,-0.13707345724105835,-0.29285264015197754,-0.509589433670044,-0.09984209388494492,-0.21953466534614563,-0.5937342643737793,-0.18458136916160583,-0.13925643265247345,-0.43937069177627563,-0.1743689775466919,-0.09869952499866486,-0.3143625855445862,-0.14432251453399658,A,A,,2026-07-03T19:20:07
0,0,0,0.21855078637599945,-0.09573999792337418,-0.08719412982463837,0.36947116255760193,-0.3835739195346832,-0.14017046988010406,0.31062746047973633,-0.6430262327194214,-0.18903003633022308,0.24399538338184357,-0.8393204808235168,-0.21512645483016968,0.35438236594200134,-0.7720995545387268,-0.07806190848350525,0.5246500968933105,-0.8513178825378418,-0.21380072832107544,0.4981141686439514,-0.6077929139137268,-0.27766919136047363,0.41840940713882446,-0.46911144256591797,-0.3031325042247772,0.19325578212738037,-0.8422319889068604,-0.09428074955940247,0.3684084117412567,-0.9213868379592896,-0.23484322428703308,0.36119404435157776,-0.6154026985168457,-0.2657523453235626,0.30041006207466125,-0.4904809594154358,-0.2564764618873596,0.03477238863706589,-0.8161917328834534,-0.13019204139709473,0.16900119185447693,-0.7571233510971069,-0.26433202624320984,0.18378643691539764,-0.47198420763015747,-0.2528732120990753,0.1331474334001541,-0.4190806448459625,-0.21592219173908234,-0.11066285520792007,-0.7254112958908081,-0.17391547560691833,0.036737896502017975,-0.5753678679466248,-0.26013699173927307,0.06488018482923508,-0.40879225730895996,-0.25287264585494995,0.017384575679898262,-0.4300139844417572,-0.2302202731370926,N,N,,2026-07-03T19:41:35
0,0,0,0.21050278842449188,-0.09476771950721741,-0.08928854763507843,0.36390307545661926,-0.385364830493927,-0.1388118416070938,0.3009107708930969,-0.646236002445221,-0.1829051971435547,0.22915272414684296,-0.8435419201850891,-0.20331460237503052,0.34988370537757874,-0.7547529339790344,-0.08357592672109604,0.5116641521453857,-0.8515153527259827,-0.21181271970272064,0.48988068103790283,-0.600627601146698,-0.26522091031074524,0.41004839539527893,-0.4625483453273773,-0.28326845169067383,0.18781962990760803,-0.8294625878334045,-0.09752034395933151,0.35659193992614746,-0.9342601895332336,-0.23439571261405945,0.35289251804351807,-0.6183868050575256,-0.26106980443000793,0.2903517782688141,-0.48784250020980835,-0.24745863676071167,0.030672872439026833,-0.8047423362731934,-0.12985514104366302,0.156585231423378,-0.7809745669364929,-0.2621476352214813,0.17554838955402374,-0.48254287242889404,-0.24647928774356842,0.12136593461036682,-0.42123666405677795,-0.2056405246257782,-0.11775298416614532,-0.7193276882171631,-0.16968382894992828,0.02216576226055622,-0.5865433216094971,-0.2559888958930969,0.05501162260770798,-0.41433215141296387,-0.24528908729553223,0.0077150482684373856,-0.43090540170669556,-0.2190418541431427,N,N,,2026-07-03T19:41:35
0,0,0,-0.17176921665668488,-0.08240938931703568,-0.06358667463064194,-0.27351510524749756,-0.3324498236179352,-0.10713349282741547,-0.21258895099163055,-0.5696061253547668,-0.1542356163263321,-0.13071170449256897,-0.7623795866966248,-0.19590477645397186,-0.3230651319026947,-0.6279546618461609,-0.0318547785282135,-0.44331157207489014,-0.8562871217727661,-0.1422944813966751,-0.4367842376232147,-0.7408349514007568,-0.22165654599666595,-0.3875182867050171,-0.5840840339660645,-0.260509192943573,-0.2028540074825287,-0.6926524639129639,-0.051565803587436676,-0.3247316777706146,-0.9458061456680298,-0.1559060513973236,-0.33585286140441895,-0.7790951132774353,-0.20870298147201538,-0.3062325119972229,-0.5942747592926025,-0.22212983667850494,-0.06559818238019943,-0.6969708204269409,-0.0872010588645935,-0.16088873147964478,-0.9644199013710022,-0.1949666291475296,-0.19745765626430511,-0.7688404321670532,-0.21676573157310486,-0.19679145514965057,-0.5856741070747375,-0.20926843583583832,0.07838111370801926,-0.6633265614509583,-0.12715326249599457,-0.028825413435697556,-0.7290834784507751,-0.21749474108219147,-0.0743713453412056,-0.5564713478088379,-0.22837583720684052,-0.08186130225658417,-0.4213152229785919,-0.2183714061975479,M,M,,2026-07-03T19:41:56
0,0,0,0.16746078431606293,-0.1338348537683487,-0.06969919800758362,0.28840067982673645,-0.4610603153705597,-0.09558317810297012,0.2971401810646057,-0.7250935435295105,-0.12002380937337875,0.3316294550895691,-0.9434096813201904,-0.12634295225143433,0.13572734594345093,-0.775271475315094,-0.057700999081134796,0.23470540344715118,-0.8749012351036072,-0.16125468909740448,0.25953638553619385,-0.6297502517700195,-0.19458958506584167,0.23791733384132385,-0.448283851146698,-0.1937510222196579,-0.002394883194938302,-0.7668389081954956,-0.0673268511891365,0.11866262555122375,-0.8286393284797668,-0.18161115050315857,0.16118024289608002,-0.5332739949226379,-0.19461534917354584,0.15134026110172272,-0.35538938641548157,-0.1741975098848343,-0.13510459661483765,-0.7011628746986389,-0.09296520799398422,-0.0015106594655662775,-0.7150039672851562,-0.22062520682811737,0.061919473111629486,-0.429093599319458,-0.19870437681674957,0.06693455576896667,-0.2651906907558441,-0.14855676889419556,-0.25742268562316895,-0.5878726243972778,-0.12265915423631668,-0.114033542573452,-0.5740142464637756,-0.21457605063915253,-0.04465770721435547,-0.38261792063713074,-0.2006075084209442,-0.03295007720589638,-0.27250486612319946,-0.16441677510738373,A,A,,2026-07-03T19:43:55
0,0,0,0.19632796943187714,0.004596550017595291,-0.06702964752912521,0.4083954095840454,-0.26281964778900146,-0.09537895023822784,0.37279561161994934,-0.576570451259613,-0.12552328407764435,0.29631558060646057,-0.7953956127166748,-0.14572033286094666,0.4103924632072449,-0.5778223276138306,-0.021188445389270782,0.5680252313613892,-0.7149240970611572,-0.12702053785324097,0.5620808601379395,-0.5568633079528809,-0.19005581736564636,0.48184821009635925,-0.3917396664619446,-0.20730529725551605,0.2896568775177002,-0.6668955087661743,-0.03872167319059372,0.46696653962135315,-0.8842750191688538,-0.13632546365261078,0.48963961005210876,-0.6808960437774658,-0.18030774593353271,0.43424299359321594,-0.48732617497444153,-0.1805771291255951,0.15095315873622894,-0.6976724863052368,-0.07294327020645142,0.3056336045265198,-0.7907781004905701,-0.20147652924060822,0.3158555328845978,-0.5058909058570862,-0.21952535212039948,0.2727481722831726,-0.31242987513542175,-0.1923549622297287,0.0024209865368902683,-0.6771886944770813,-0.10898440331220627,0.17064641416072845,-0.6809788346290588,-0.2147073745727539,0.19008491933345795,-0.4459708034992218,-0.21431490778923035,0.15686121582984924,-0.28681713342666626,-0.18624117970466614,N,N,,2026-07-03T19:43:55
0,0,0,0.1896330863237381,-0.022642338648438454,-0.057089775800704956,0.3883100152015686,-0.26874780654907227,-0.0954107865691185,0.385528564453125,-0.5403326153755188,-0.1394605189561844,0.3380357027053833,-0.7573169469833374,-0.17591135203838348,0.39281386137008667,-0.6686593890190125,-0.029694819822907448,0.5517099499702454,-0.7356196045875549,-0.15747271478176117,0.5669092535972595,-0.5588071942329407,-0.23884767293930054,0.5065866708755493,-0.3877144753932953,-0.26795709133148193,0.2621861398220062,-0.7614591717720032,-0.06065373495221138,0.45820775628089905,-0.8888450860977173,-0.18082907795906067,0.4895489513874054,-0.6624468564987183,-0.23612236976623535,0.4411623179912567,-0.4636588394641876,-0.24168410897254944,0.11171327531337738,-0.7819720506668091,-0.10746411979198456,0.27894139289855957,-0.7447818517684937,-0.2532530725002289,0.30136361718177795,-0.43830958008766174,-0.27740076184272766,0.2720431685447693,-0.2434927225112915,-0.25213831663131714,-0.04277002811431885,-0.726319432258606,-0.1553504914045334,0.1245308443903923,-0.6184950470924377,-0.2635754346847534,0.1472335159778595,-0.37551945447921753,-0.26291072368621826,0.1200404092669487,-0.2277352213859558,-0.23426732420921326,N,N,,2026-07-03T19:43:55
0,0,0,0.27558451890945435,-0.18539266288280487,-0.11616658419370651,0.36576002836227417,-0.49751996994018555,-0.14612460136413574,0.3292975127696991,-0.740746259689331,-0.18068082630634308,0.3780090808868408,-0.9258018732070923,-0.19398820400238037,0.099085234105587,-0.693646252155304,-0.012701728381216526,0.09297020733356476,-0.8490777015686035,-0.1950477510690689,0.1599235087633133,-0.6574267148971558,-0.2887457609176636,0.2079618126153946,-0.48861685395240784,-0.3097231984138489,-0.1079389750957489,-0.6313909888267517,-0.012525638565421104,-0.11245445907115936,-0.7698540091514587,-0.23081035912036896,0.00595379713922739,-0.5368593335151672,-0.2864561080932617,0.09949443489313126,-0.3625333905220032,-0.25989261269569397,-0.3031948208808899,-0.5426680445671082,-0.04479501396417618,-0.281306654214859,-0.6488634943962097,-0.2745666205883026,-0.12275682389736176,-0.40975484251976013,-0.2542271614074707,-0.011517503298819065,-0.24660085141658783,-0.16547587513923645,-0.4846140146255493,-0.4299811124801636,-0.08468523621559143,-0.43503129482269287,-0.523604691028595,-0.24679309129714966,-0.28992369771003723,-0.36550402641296387,-0.2293347269296646,-0.1918340027332306,-0.2526807188987732,-0.16395334899425507,A,A,,2026-07-03T20:11:00
0,0,0,0.24281606078147888,-0.12374097853899002,-0.19521771371364594,0.33572646975517273,-0.4661170244216919,-0.24640688300132751,0.28311771154403687,-0.7433160543441772,-0.27996495366096497,0.26816606521606445,-0.9633727073669434,-0.28986459970474243,0.05756969749927521,-0.6779812574386597,-0.0639471635222435,-0.03112069144845009,-0.8360652327537537,-0.285920113325119,0.023479711264371872,-0.6328432559967041,-0.39896640181541443,0.10100407898426056,-0.4619408845901489,-0.4258537292480469,-0.18131205439567566,-0.6072154641151428,-0.032672394067049026,-0.2577264606952667,-0.7480515241622925,-0.2916480302810669,-0.11964192986488342,-0.4985305368900299,-0.37396955490112305,0.002307818504050374,-0.32772302627563477,-0.3500223457813263,-0.3723316788673401,-0.49930575489997864,-0.04150424525141716,-0.4202614724636078,-0.5798853039741516,-0.3248348832130432,-0.243874654173851,-0.34389233589172363,-0.3301750719547272,-0.10227014124393463,-0.20043329894542694,-0.24093034863471985,-0.5174592733383179,-0.36265072226524353,-0.05893805995583534,-0.5396866798400879,-0.4266721308231354,-0.26740366220474243,-0.38842886686325073,-0.2610187232494354,-0.2671690881252289,-0.2554190754890442,-0.15420226752758026,-0.19841377437114716,A,A,,2026-07-03T20:11:28
0,0,0,0.19508075714111328,-0.1851147562265396,-0.06264076381921768,0.2881223261356354,-0.4754478335380554,-0.08867016434669495,0.291624516248703,-0.7329424023628235,-0.12003595381975174,0.317227303981781,-0.9483495354652405,-0.13758039474487305,0.1694134771823883,-0.7308147549629211,-0.002485027303919196,0.19697703421115875,-0.8989726901054382,-0.10279976576566696,0.22305873036384583,-0.6969587802886963,-0.15685276687145233,0.22634121775627136,-0.5262659192085266,-0.17317917943000793,0.03770137578248978,-0.70542311668396,-0.012113426811993122,0.07597269117832184,-0.8646872043609619,-0.12917514145374298,0.12901408970355988,-0.617164671421051,-0.16885358095169067,0.1443701833486557,-0.43232378363609314,-0.16584694385528564,-0.08350825309753418,-0.6486612558364868,-0.03940557315945625,-0.021284978836774826,-0.7596181035041809,-0.16869185864925385,0.04856356233358383,-0.5015800595283508,-0.16666652262210846,0.07029332965612411,-0.3209840655326843,-0.12661422789096832,-0.194061741232872,-0.5567020773887634,-0.0711909607052803,-0.10838259011507034,-0.6279301047325134,-0.1685100644826889,-0.036539703607559204,-0.46135765314102173,-0.16824126243591309,-0.00789912324398756,-0.34043970704078674,-0.13995535671710968,A,A,,2026-07-03T20:44:32
0,0,0,0.11753172427415848,-0.06402730196714401,-0.055989623069763184,0.19424991309642792,-0.25334909558296204,-0.07548516988754272,0.18105337023735046,-0.4110703468322754,-0.09639223664999008,0.11315364390611649,-0.5084345936775208,-0.11326293647289276,0.13699185848236084,-0.4806153178215027,-0.03455308824777603,0.19654102623462677,-0.6768391132354736,-0.08088918030261993,0.22448238730430603,-0.7993527054786682,-0.11023442447185516,0.24264100193977356,-0.9073278307914734,-0.13044363260269165,0.04764295741915703,-0.48825475573539734,-0.04715053364634514,0.07260871678590775,-0.7135744690895081,-0.11193141341209412,0.09744885563850403,-0.8652762174606323,-0.15470372140407562,0.11125225573778152,-0.9937922358512878,-0.17740380764007568,-0.04125817120075226,-0.44782668352127075,-0.06670191884040833,-0.005794310010969639,-0.5900602340698242,-0.1666635125875473,0.053439829498529434,-0.44658946990966797,-0.18116174638271332,0.08184198290109634,-0.33148929476737976,-0.1637134850025177,-0.12171155214309692,-0.3724820613861084,-0.08992541581392288,-0.06573101133108139,-0.42432713508605957,-0.17908677458763123,-0.016116952523589134,-0.3199799954891205,-0.18889865279197693,0.0034240754321217537,-0.2372162789106369,-0.1761169135570526,U,U,,2026-07-03T20:44:33
0,0,0,0.11862195283174515,-0.07181067764759064,-0.05962209776043892,0.200226292014122,-0.2398720532655716,-0.08672978729009628,0.17813442647457123,-0.3793717324733734,-0.11626796424388885,0.10301097482442856,-0.44886747002601624,-0.1397370547056198,0.15257470309734344,-0.5108668208122253,-0.03588797152042389,0.22273489832878113,-0.6886401772499084,-0.08999378234148026,0.2662581205368042,-0.7913742661476135,-0.12176558375358582,0.2964779734611511,-0.8751664161682129,-0.13860857486724854,0.04522152617573738,-0.5191446542739868,-0.04791254177689552,0.0059219286777079105,-0.7463328242301941,-0.12708202004432678,-0.024077318608760834,-0.8887237310409546,-0.17370334267616272,-0.05929125100374222,-0.9982407689094543,-0.1896236538887024,-0.04595617204904556,-0.4629015326499939,-0.0669158473610878,-0.014179385267198086,-0.5296986103057861,-0.17571701109409332,0.058065954595804214,-0.3903243839740753,-0.1938992440700531,0.09558121860027313,-0.2865557074546814,-0.1701362431049347,-0.11634290218353271,-0.37375426292419434,-0.08923998475074768,-0.05092468857765198,-0.39671826362609863,-0.1657235324382782,0.008266006596386433,-0.3050951659679413,-0.16511468589305878,0.03638428822159767,-0.2341098189353943,-0.1415446549654007,V,V,,2026-07-03T20:44:33
0,0,0,0.21189580857753754,-0.052023228257894516,-0.0741814598441124,0.37514424324035645,-0.3542463481426239,-0.10765261203050613,0.3143557012081146,-0.6542052030563354,-0.14126931130886078,0.26461151242256165,-0.8769081830978394,-0.16060416400432587,0.3837255835533142,-0.6467409133911133,-0.020816665142774582,0.5265250205993652,-0.7544514536857605,-0.13476772606372833,0.5037020444869995,-0.6059669852256775,-0.19767946004867554,0.41698580980300903,-0.4550800919532776,-0.2153187394142151,0.25114259123802185,-0.7365804314613342,-0.036250751465559006,0.41791245341300964,-0.9084872603416443,-0.1502101570367813,0.4115293622016907,-0.7034110426902771,-0.19486336410045624,0.3520246744155884,-0.5201908349990845,-0.19093480706214905,0.10213438421487808,-0.759706437587738,-0.06985734403133392,0.24077676236629486,-0.7928943634033203,-0.20529326796531677,0.24161727726459503,-0.493047833442688,-0.21632297337055206,0.20801132917404175,-0.30490991473197937,-0.1814788430929184,-0.04945894330739975,-0.7205971479415894,-0.10666322708129883,0.09822618961334229,-0.699985682964325,-0.2073352038860321,0.12236912548542023,-0.4754408597946167,-0.2023879736661911,0.10865038633346558,-0.335012286901474,-0.1708149015903473,N,N,,2026-07-03T20:44:33
0,0,0,0.22430187463760376,-0.0700068399310112,-0.060521773993968964,0.36556029319763184,-0.36355629563331604,-0.09219317138195038,0.2674819827079773,-0.6334298849105835,-0.12853634357452393,0.16345958411693573,-0.8123881816864014,-0.15091444551944733,0.3827527165412903,-0.5821895003318787,0.005646815057843924,0.5116181969642639,-0.7615149021148682,-0.08515504002571106,0.5110745429992676,-0.5974727272987366,-0.15629547834396362,0.46005284786224365,-0.43003323674201965,-0.19295835494995117,0.2658260464668274,-0.6594991683959961,-0.009996837005019188,0.400436133146286,-0.8665938973426819,-0.10749830305576324,0.4366614520549774,-0.6822102665901184,-0.17045645415782928,0.4035765528678894,-0.4988955557346344,-0.1951320767402649,0.1434078961610794,-0.6966784596443176,-0.04396350309252739,0.2798632085323334,-0.9600399136543274,-0.1524815559387207,0.3278219699859619,-0.7572716474533081,-0.19811709225177765,0.30430325865745544,-0.5849320888519287,-0.20884235203266144,0.022460365667939186,-0.6815133690834045,-0.08208293467760086,0.1819603443145752,-0.7016377449035645,-0.18291766941547394,0.22574660181999207,-0.5177393555641174,-0.22272448241710663,0.20349030196666718,-0.3919903337955475,-0.23793314397335052,M,M,,2026-07-03T20:44:33
